-- phpMyAdmin SQL Dump
-- version 4.9.0.1
-- https://www.phpmyadmin.net/
--
-- Host: localhost:3306
-- Erstellungszeit: 22. Jan 2020 um 18:22
-- Server-Version: 10.2.30-MariaDB
-- PHP-Version: 7.1.14

SET SQL_MODE = "NO_AUTO_VALUE_ON_ZERO";
SET AUTOCOMMIT = 0;
START TRANSACTION;
SET time_zone = "+00:00";


/*!40101 SET @OLD_CHARACTER_SET_CLIENT=@@CHARACTER_SET_CLIENT */;
/*!40101 SET @OLD_CHARACTER_SET_RESULTS=@@CHARACTER_SET_RESULTS */;
/*!40101 SET @OLD_COLLATION_CONNECTION=@@COLLATION_CONNECTION */;
/*!40101 SET NAMES utf8mb4 */;

--
-- Datenbank: `bachelor`
--

-- --------------------------------------------------------

--
-- Tabellenstruktur für Tabelle `categories`
--

CREATE TABLE `categories` (
  `id` int(11) NOT NULL,
  `name_de` varchar(500) NOT NULL,
  `name_en` varchar(500) NOT NULL,
  `name_es` varchar(500) NOT NULL
) ENGINE=InnoDB DEFAULT CHARSET=utf8;

--
-- Daten für Tabelle `categories`
--

INSERT INTO `categories` (`id`, `name_de`, `name_en`, `name_es`) VALUES
(1, 'Treppen', 'Stairs', 'Escalera'),
(2, 'Fahrstühle', 'Elevators', 'Ascensores'),
(3, 'Toiletten', 'Restrooms', 'Baños');

-- --------------------------------------------------------

--
-- Tabellenstruktur für Tabelle `institutes`
--

CREATE TABLE `institutes` (
  `id` int(11) NOT NULL,
  `name_de` varchar(500) NOT NULL,
  `name_en` varchar(500) NOT NULL,
  `name_es` varchar(500) NOT NULL
) ENGINE=InnoDB DEFAULT CHARSET=utf8;

--
-- Daten für Tabelle `institutes`
--

INSERT INTO `institutes` (`id`, `name_de`, `name_en`, `name_es`) VALUES
(1, 'Institut für Landschaftsökologie', 'Institute of landscape ecology', 'Instituto de ecología del paisaje'),
(2, 'Institut für Geographie', 'Institute of geography', 'Instituto de geografía'),
(3, 'Institut für Didaktik der Geographie', 'Institute of didactics of geography', 'Instituto de didáctica de la geografía'),
(4, 'Institut für Geoinformatik', 'Institute of geoinformatics', 'Instituto de geoinformática'),
(5, 'Hausverwaltung/Technik', 'Property management / Technology', 'Administración de fincas / Tecnología'),
(6, 'AG Paläobotanik', 'AG paleobotany', 'AG paleobotánica'),
(7, 'Geographische Kommission', 'Geographical commission', 'Comisión geográfica'),
(8, 'Dekanat FB Geowissenschaften', 'Deanery earth sciences', 'Decanato ciencias de la tierra'),
(9, 'Fachschaften', 'Student associations', ' Junta de estudiantes '),
(10, 'IVV Geowissenschaften', 'IVV geosciences', 'IVV ciencias de la tierra'),
(11, 'Bibliothek', 'Library', 'Biblioteca');

-- --------------------------------------------------------

--
-- Tabellenstruktur für Tabelle `levels`
--

CREATE TABLE `levels` (
  `id` int(11) NOT NULL,
  `name` int(50) NOT NULL,
  `x` int(100) NOT NULL,
  `y` int(100) NOT NULL
) ENGINE=InnoDB DEFAULT CHARSET=utf8;

--
-- Daten für Tabelle `levels`
--

INSERT INTO `levels` (`id`, `name`, `x`, `y`) VALUES
(1, -1, 0, 0),
(2, 0, 0, 0),
(3, 1, 0, 0),
(4, 2, 0, 0),
(5, 3, 0, 0),
(6, 4, 0, 0),
(7, 5, 0, 0);

-- --------------------------------------------------------

--
-- Tabellenstruktur für Tabelle `paths`
--

CREATE TABLE `paths` (
  `id` int(11) NOT NULL,
  `level` int(100) NOT NULL,
  `x1` float NOT NULL,
  `y1` float NOT NULL,
  `x2` float NOT NULL,
  `y2` float NOT NULL
) ENGINE=InnoDB DEFAULT CHARSET=utf8;

--
-- Daten für Tabelle `paths`
--

INSERT INTO `paths` (`id`, `level`, `x1`, `y1`, `x2`, `y2`) VALUES
(1, 1, 46.84, 51.1, 80.77, 51.1),
(2, 1, 80.77, 27.48, 80.77, 61.42),
(3, 1, 67.74, 24.26, 67.74, 51.1),
(4, 1, 63.1, 24.26, 67.74, 24.26),
(5, 2, 5.4, 24.04, 81.27, 24.04),
(6, 2, 81.27, 5.03, 81.27, 87.35),
(7, 2, 18.9, 24.04, 18.9, 94.69),
(8, 2, 18.9, 51.39, 81.27, 51.39),
(9, 2, 63.74, 51.39, 63.74, 87.35),
(10, 2, 42, 24.04, 42, 51.39),
(11, 2, 42, 24.04, 42, 51.39),
(12, 2, 63.74, 66, 81.27, 66),
(13, 3, 5.4, 24.04, 81.27, 24.04),
(14, 3, 81.27, 5.14, 81.27, 80.84),
(15, 3, 18.9, 80.84, 94.69, 80.84),
(16, 3, 18.9, 24.04, 18.9, 94.69),
(17, 3, 18.9, 51.39, 81.27, 51.39),
(18, 3, 50, 51.39, 50, 80.84),
(19, 3, 59, 51.39, 59, 80.84),
(20, 3, 25, 24.04, 25, 51.39),
(21, 4, 5.4, 18.58, 81.27, 18.58),
(22, 4, 81.27, 5.14, 81.27, 80.84),
(23, 4, 18.9, 80.84, 94.69, 80.84),
(24, 4, 18.9, 18.58, 18.9, 94.69),
(25, 4, 18.9, 51.39, 81.27, 51.39),
(26, 4, 71.61, 51.39, 71.61, 80.84),
(27, 5, 5.4, 18.58, 81.27, 18.58),
(28, 5, 81.27, 5.14, 81.27, 80.84),
(29, 5, 18.9, 80.84, 94.69, 80.84),
(30, 5, 18.9, 18.58, 18.9, 94.69),
(31, 5, 18.9, 51.39, 81.27, 51.39),
(32, 5, 68, 51.39, 68, 80.84),
(33, 5, 48.9, 51.39, 48.9, 80.84),
(34, 5, 32.42, 18.58, 32.42, 51.39),
(35, 5, 42.42, 18.58, 42.42, 51.39),
(36, 6, 5.4, 24.04, 81.27, 24.04),
(37, 6, 81.27, 5.14, 81.27, 80.84),
(38, 6, 18.9, 80.84, 94.69, 80.84),
(39, 6, 18.9, 24.04, 18.9, 94.69),
(40, 6, 18.9, 51.39, 81.27, 51.39),
(41, 6, 71.61, 51.39, 71.61, 80.84),
(42, 6, 25, 24.04, 25, 51.39),
(43, 7, 5.4, 24.04, 81.27, 24.04),
(44, 7, 81.27, 5.14, 81.27, 80.84),
(45, 7, 18.9, 80.84, 94.69, 80.84),
(46, 7, 18.9, 24.04, 18.9, 94.69),
(47, 7, 18.9, 51.39, 81.27, 51.39),
(48, 7, 71.61, 51.39, 71.61, 80.84),
(49, 7, 25, 24.04, 25, 51.39),
(50, 1, 45.64, 17.68, 92.86, 17.68),
(51, 1, 65.16, 17.68, 65.16, 24.26),
(52, 2, 66.55, 24.04, 66.55, 51.39),
(53, 3, 66.55, 24.04, 66.55, 51.39),
(54, 4, 66.55, 18.58, 66.55, 51.39),
(55, 5, 66.55, 18.58, 66.55, 51.39),
(56, 6, 66.55, 24.04, 66.55, 51.39),
(57, 7, 66.55, 24.04, 66.55, 51.39),
(58, 2, 63.74, 87.35, 81.27, 87.35);

-- --------------------------------------------------------

--
-- Tabellenstruktur für Tabelle `people`
--

CREATE TABLE `people` (
  `id` int(11) NOT NULL,
  `name` varchar(500) NOT NULL,
  `room` int(100) NOT NULL
) ENGINE=InnoDB DEFAULT CHARSET=utf8;


-- --------------------------------------------------------

--
-- Tabellenstruktur für Tabelle `rooms`
--

CREATE TABLE `rooms` (
  `id` int(11) NOT NULL,
  `level` int(100) NOT NULL,
  `no` varchar(100) NOT NULL,
  `institute` int(100) NOT NULL,
  `description` longtext NOT NULL,
  `category` int(100) NOT NULL,
  `x1` float NOT NULL,
  `y1` float NOT NULL,
  `x2` float NOT NULL,
  `y2` float NOT NULL,
  `doorX` float NOT NULL,
  `doorY` float NOT NULL,
  `hoursStart` int(11) NOT NULL,
  `hoursEnd` int(11) NOT NULL
) ENGINE=InnoDB DEFAULT CHARSET=utf8;

--
-- Daten für Tabelle `rooms`
--

INSERT INTO `rooms` (`id`, `level`, `no`, `institute`, `description`, `category`, `x1`, `y1`, `x2`, `y2`, `doorX`, `doorY`, `hoursStart`, `hoursEnd`) VALUES
(3, 1, '01', 5, '', 0, 83.1, 26.58, 94.97, 53.94, 84.65, 26.19, 0, 0),
(5, 2, '3', 8, '', 0, 4.43, 78.88, 16.69, 87.09, 16.56, 83.05, 0, 0),
(6, 2, '4', 8, '', 0, 4.95, 70.8, 16.56, 78.36, 16.69, 74.84, 0, 0),
(8, 2, '7', 1, '', 0, 1.69, 40.42, 16.43, 53.85, 16.82, 49.67, 0, 0),
(9, 2, '8', 1, '', 0, 1.83, 26.6, 16.3, 40.29, 16.56, 30.38, 0, 0),
(10, 2, '10', 3, '', 0, 1.17, 0.78, 37.42, 22.29, 30.9, 22.16, 0, 0),
(11, 2, '11', 10, '', 0, 37.42, 4.95, 73.4, 22.29, 47.72, 22.03, 0, 0),
(12, 2, '16', 10, '', 0, 83.05, 4.56, 95.57, 12.78, 83.31, 8.21, 0, 0),
(13, 2, '17', 10, '', 0, 83.44, 13.04, 95.31, 34.81, 83.44, 24.25, 0, 0),
(14, 2, '19', 10, '', 0, 83.31, 34.94, 95.44, 43.29, 83.31, 37.29, 0, 0),
(15, 2, '22', 9, '', 0, 83.31, 65.97, 96.35, 70.66, 83.18, 67.41, 0, 0),
(16, 2, '23', 9, '', 0, 83.18, 70.93, 96.22, 76.27, 83.18, 71.84, 0, 0),
(17, 2, '24', 9, '', 0, 83.31, 76.27, 96.09, 81.75, 83.18, 77.57, 0, 0),
(18, 2, '25', 5, '', 0, 83.05, 81.75, 96.22, 87.09, 83.18, 83.31, 0, 0),
(19, 2, '26', 5, '', 0, 83.44, 87.48, 95.83, 96.09, 83.31, 91.13, 0, 0),
(25, 1, '010', 11, '', 0, 1.16, 1.03, 45.29, 53.55, 45.64, 17.88, 0, 0),
(26, 1, '011', 11, '', 0, 45.94, 4.26, 53.68, 15.48, 47.61, 15.61, 0, 0),
(27, 1, '014', 11, '', 0, 54.19, 4.65, 62.19, 15.61, 55.48, 15.48, 0, 0),
(29, 1, '016', 11, '', 0, 62.45, 4.39, 70.58, 15.48, 64, 15.48, 0, 0),
(30, 1, '018', 11, '', 0, 70.58, 4.77, 78.71, 15.61, 72.26, 15.48, 0, 0),
(31, 1, '019', 11, '', 0, 78.97, 4.65, 87.1, 15.74, 80.39, 15.48, 0, 0),
(32, 1, '020', 11, '', 0, 87.23, 4.9, 95.1, 15.87, 88.65, 15.61, 0, 0),
(33, 3, '101', 4, '', 0, 90.25, 83.41, 95.63, 95.49, 93.74, 83.11, 0, 0),
(34, 3, '102', 4, '', 0, 84.28, 83.11, 89.67, 95.78, 88.21, 83.11, 0, 0),
(41, 3, '103', 4, '', 0, 79.04, 83.41, 84.43, 95.63, 82.68, 82.97, 0, 0),
(42, 3, '104', 4, '', 0, 71.03, 83.11, 78.6, 94.91, 74.67, 83.26, 0, 0),
(43, 3, '105', 4, '', 0, 62.3, 83.26, 70.45, 95.2, 66.08, 83.41, 0, 0),
(44, 3, '106', 4, '', 0, 54.15, 83.41, 62.01, 95.78, 57.93, 83.11, 0, 0),
(45, 3, '108', 4, '', 0, 46.14, 82.97, 53.71, 95.63, 49.34, 82.82, 0, 0),
(46, 3, '109', 4, '', 0, 37.7, 83.41, 45.85, 95.49, 40.17, 83.41, 0, 0),
(47, 3, '111', 4, '', 0, 29.26, 83.41, 37.55, 95.34, 33.19, 83.41, 0, 0),
(48, 3, '112', 4, '', 0, 20.67, 83.55, 28.68, 95.05, 24.89, 83.41, 0, 0),
(49, 3, '113', 4, '', 0, 4.66, 87.63, 16.74, 94.91, 16.74, 90.83, 0, 0),
(50, 3, '114', 4, '', 0, 4.22, 79.62, 16.45, 87.05, 16.16, 83.11, 0, 0),
(51, 3, '115', 4, '', 0, 4.51, 70.74, 16.89, 78.6, 16.59, 74.96, 0, 0),
(52, 3, '117', 4, '', 0, 4.22, 62.59, 16.59, 70.31, 16.59, 66.52, 0, 0),
(53, 3, '121', 4, '', 0, 4.37, 43.23, 16.74, 49.05, 16.89, 46.87, 0, 0),
(54, 3, '123', 4, '', 0, 4.08, 34.93, 16.74, 42.5, 16.74, 38.57, 0, 0),
(56, 3, '140', 4, '', 0, 83.28, 62.46, 95.56, 70.73, 83.28, 66.46, 0, 0),
(57, 3, '141', 4, '', 0, 83.01, 70.82, 95.47, 79.09, 83.1, 74.56, 0, 0),
(58, 3, '110', 5, '', 0, 29.27, 70.82, 45.99, 79.01, 33.62, 79.27, 0, 0),
(59, 3, '147', 5, '', 0, 29.44, 53.92, 45.82, 70.91, 33.36, 54.01, 0, 0),
(60, 3, '120', 8, '', 0, 4.37, 48.47, 16.89, 53.86, 16.89, 52.26, 0, 0),
(61, 3, '125', 10, 'StudLab', 0, 4.37, 4.37, 28.97, 22.13, 16.3, 22.13, 0, 0),
(62, 3, '126', 10, 'StudLab', 0, 29.26, 4.22, 54.15, 21.83, 41.63, 21.98, 0, 0),
(63, 3, '130', 10, 'StudLab', 0, 54.29, 4.8, 78.75, 21.98, 66.96, 21.69, 0, 0),
(64, 3, '139', 4, '', 0, 83.55, 48.91, 95.63, 53.71, 83.41, 52.55, 0, 0),
(65, 3, '138', 4, '', 0, 82.97, 43.38, 95.49, 48.62, 83.26, 46.87, 0, 0),
(66, 3, '137', 4, '', 0, 83.41, 37.55, 95.34, 42.65, 83.26, 41.19, 0, 0),
(67, 3, '135', 4, '', 0, 83.41, 29.69, 95.05, 37.41, 83.55, 33.33, 0, 0),
(68, 3, '133', 4, '', 0, 82.97, 20.96, 95.78, 28.97, 83.41, 25.04, 0, 0),
(69, 3, '132', 4, '', 0, 83.26, 12.95, 95.63, 20.96, 83.26, 17.03, 0, 0),
(70, 3, '131', 4, '', 0, 82.97, 4.8, 95.78, 12.52, 83.11, 8.59, 0, 0),
(71, 3, '136', 8, '', 0, 70.91, 29.79, 79.01, 38.33, 78.92, 35.54, 0, 0),
(72, 4, '255', 5, '', 0, 29.55, 54.15, 45.85, 70.45, 33.19, 53.86, 0, 0),
(73, 4, '211', 5, '', 0, 29.84, 70.74, 45.41, 78.75, 33.33, 79.18, 0, 0),
(74, 4, '225', 3, '', 0, 20.67, 42.79, 29.11, 48.62, 21.11, 44.69, 0, 0),
(75, 4, '228', 3, '', 0, 20.82, 26.2, 29.26, 42.5, 20.96, 28.38, 0, 0),
(76, 4, '213', 3, '', 0, 20.96, 83.41, 25.76, 94.76, 24.75, 82.82, 0, 0),
(77, 4, '214', 3, '', 0, 3.93, 90.25, 16.89, 95.34, 16.74, 90.83, 0, 0),
(78, 4, '216', 3, '', 0, 4.66, 79.18, 16.74, 84.13, 16.59, 80.2, 0, 0),
(79, 4, '217', 3, '', 0, 4.22, 73.51, 16.59, 78.31, 16.59, 74.67, 0, 0),
(80, 4, '219', 3, '', 0, 4.51, 68.41, 16.59, 72.93, 16.89, 69, 0, 0),
(81, 4, '221', 3, '', 0, 3.93, 62.74, 16.45, 67.83, 16.74, 63.61, 0, 0),
(82, 4, '224', 3, '', 0, 4.51, 46.14, 16.74, 53.71, 16.74, 49.78, 0, 0),
(83, 4, '226', 3, '', 0, 4.51, 37.99, 16.45, 45.71, 16.45, 41.19, 0, 0),
(84, 4, '227', 3, '', 0, 4.22, 29.84, 17.03, 37.41, 16.89, 32.9, 0, 0),
(85, 4, '229', 3, '', 0, 4.37, 20.96, 16.59, 29.55, 16.45, 24.75, 0, 0),
(86, 4, '230', 3, '', 0, 4.08, 3.93, 15.14, 16.74, 10.33, 16.59, 0, 0),
(89, 4, '231', 3, '', 0, 15.43, 4.37, 26.49, 16.89, 21.25, 16.59, 0, 0),
(90, 4, '232', 3, '', 0, 26.35, 4.22, 37.12, 16.59, 32.31, 16.59, 0, 0),
(91, 4, '234', 3, '', 0, 37.7, 4.37, 45.71, 16.59, 41.78, 16.3, 0, 0),
(92, 4, '235', 4, '', 0, 46, 4.51, 54, 16.3, 49.78, 16.16, 0, 0),
(93, 4, '238', 4, '', 0, 54.15, 4.51, 62.15, 16.74, 58.08, 16.3, 0, 0),
(94, 4, '240', 4, '', 0, 62.59, 4.51, 70.45, 16.89, 66.67, 16.89, 0, 0),
(95, 4, '241', 4, '', 0, 70.45, 4.8, 78.89, 16.3, 75.11, 16.74, 0, 0),
(96, 4, '245', 4, '', 0, 83.26, 32.17, 95.05, 53.71, 83.26, 42.94, 0, 0),
(97, 4, '247', 4, '', 0, 82.97, 62.3, 95.78, 68.27, 82.97, 64.05, 0, 0),
(98, 4, '248', 4, '', 0, 83.26, 67.98, 95.2, 73.07, 83.26, 69.14, 0, 0),
(99, 4, '249', 4, '', 0, 83.26, 73.51, 95.49, 79.04, 83.11, 74.67, 0, 0),
(100, 4, '201', 4, '', 0, 81.51, 83.41, 95.78, 95.49, 84.72, 82.97, 0, 0),
(101, 4, '242', 5, '', 0, 83.26, 0.58, 98.54, 31.88, 83.26, 24.89, 0, 0),
(102, 4, '208', 4, '', 0, 43.38, 83.55, 48.33, 95.63, 46.87, 82.82, 0, 0),
(103, 4, '212', 2, '', 0, 26.35, 82.97, 31.88, 95.34, 30.57, 82.97, 0, 0),
(104, 4, '210', 2, '', 0, 32.02, 83.26, 37.12, 95.34, 35.95, 83.11, 0, 0),
(105, 4, '206', 2, '', 0, 54.15, 83.55, 59.83, 95.2, 55.6, 82.82, 0, 0),
(106, 4, '205', 2, '', 0, 59.53, 83.26, 65.21, 95.34, 60.84, 83.11, 0, 0),
(107, 4, '209', 1, '', 0, 37.41, 82.97, 42.79, 95.34, 39.16, 83.41, 0, 0),
(108, 4, '207', 1, '', 0, 48.62, 83.11, 54, 95.63, 49.78, 83.11, 0, 0),
(109, 4, '204', 1, '', 0, 65.36, 83.11, 70.74, 95.34, 66.52, 83.11, 0, 0),
(110, 4, '203', 1, '', 0, 71.03, 83.7, 76.42, 95.05, 71.76, 83.11, 0, 0),
(111, 4, '202', 1, '', 0, 76.27, 83.26, 81.51, 95.34, 77.44, 82.82, 0, 0),
(112, 5, '323', 5, '', 0, 1.42, 1.29, 31.48, 16.9, 25.29, 17.03, 0, 0),
(113, 5, '352', 5, '', 0, 29.29, 53.94, 46.06, 62.45, 33.29, 54.06, 0, 0),
(114, 5, '352', 5, '', 0, 29.29, 53.94, 46.06, 62.45, 33.29, 54.06, 0, 0),
(115, 5, '309', 5, '', 0, 29.55, 62.71, 46.19, 79.1, 33.42, 79.23, 0, 0),
(116, 5, '345', 5, '', 0, 70.58, 73.29, 79.1, 79.1, 78.97, 74.71, 0, 0),
(117, 5, '319', 6, '', 0, 4.39, 26.71, 16.65, 48.77, 16.9, 44.39, 0, 0),
(118, 5, '322', 6, '', 0, 4.13, 21.16, 16.65, 26.58, 17.03, 22.19, 0, 0),
(119, 5, '320', 6, '', 0, 20.77, 37.42, 29.03, 48.77, 20.9, 39.23, 0, 0),
(120, 5, '321', 6, '', 0, 20.9, 26.58, 29.03, 37.42, 21.03, 29.55, 0, 0),
(121, 5, '324', 6, '', 0, 32.13, 5.03, 37.42, 16.9, 33.42, 16.77, 0, 0),
(122, 5, '326', 6, '', 0, 37.81, 4.9, 45.81, 17.16, 41.81, 16.77, 0, 0),
(123, 5, '328', 6, '', 0, 45.94, 4.39, 54.06, 17.29, 49.94, 16.77, 0, 0),
(124, 5, '331', 6, '', 0, 54.32, 4.52, 62.19, 16.77, 58.19, 16.77, 0, 0),
(125, 5, '332', 6, '', 0, 62.45, 4.77, 70.71, 17.03, 66.45, 17.03, 0, 0),
(126, 5, '333', 6, '', 0, 70.58, 4.52, 79.1, 17.16, 74.71, 16.77, 0, 0),
(127, 5, '337', 6, '', 0, 70.84, 26.58, 79.1, 38.32, 79.1, 29.55, 0, 0),
(128, 5, '318', 2, '', 0, 4.77, 48.9, 16.65, 53.94, 16.65, 49.68, 0, 0),
(129, 5, '315', 2, '', 0, 4.52, 62.58, 16.65, 70.71, 16.77, 65.81, 0, 0),
(130, 5, '313', 2, '', 0, 4.39, 70.97, 16.77, 78.97, 16.77, 73.94, 0, 0),
(131, 5, '312', 2, '', 0, 4.26, 78.97, 16.9, 86.97, 16.77, 82.19, 0, 0),
(132, 5, '311', 2, '', 0, 4.26, 87.35, 16.65, 95.1, 16.77, 90.71, 0, 0),
(133, 5, '316', 2, '', 0, 0, 0, 0, 0, 0, 0, 0, 0),
(134, 5, '314', 2, '', 0, 0, 0, 0, 0, 0, 0, 0, 0),
(135, 5, '310', 2, '', 0, 20.77, 83.1, 29.29, 95.35, 24.9, 82.97, 0, 0),
(136, 5, '308', 2, '', 0, 29.81, 83.35, 37.68, 95.23, 33.29, 83.1, 0, 0),
(137, 5, '307', 2, '', 0, 37.68, 83.48, 46.06, 95.74, 41.29, 82.84, 0, 0),
(138, 5, '306', 2, '', 0, 45.94, 83.35, 53.94, 95.35, 49.68, 83.1, 0, 0),
(139, 5, '305', 2, '', 0, 54.06, 83.23, 62.32, 95.61, 58.06, 83.1, 0, 0),
(140, 5, '304', 2, '', 0, 62.45, 83.35, 70.58, 95.1, 65.94, 83.1, 0, 0),
(141, 5, '303', 2, '', 0, 70.58, 83.61, 78.71, 95.35, 74.58, 83.23, 0, 0),
(142, 5, '302', 2, '', 0, 79.1, 83.35, 87.1, 95.23, 82.84, 82.97, 0, 0),
(143, 5, '301', 2, '', 0, 87.1, 83.61, 95.35, 95.35, 91.23, 82.97, 0, 0),
(144, 5, '346', 2, '', 0, 82.97, 73.42, 95.1, 79.1, 83.1, 74.84, 0, 0),
(145, 5, '344', 2, '', 0, 83.1, 68, 95.1, 73.55, 82.97, 69.55, 0, 0),
(146, 5, '342', 2, '', 0, 83.35, 62.58, 95.1, 67.61, 82.97, 64, 0, 0),
(147, 5, '340', 2, '', 0, 82.97, 48.77, 95.1, 54.06, 82.84, 52.26, 0, 0),
(148, 5, '339', 2, '', 0, 83.23, 41.03, 94.97, 48.77, 83.23, 44.65, 0, 0),
(149, 5, '338', 2, '', 0, 83.35, 32.26, 95.1, 40.65, 82.97, 36.39, 0, 0),
(150, 5, '336', 2, '', 0, 83.23, 24.13, 95.35, 32, 83.35, 28.13, 0, 0),
(151, 5, '335', 2, '', 0, 83.23, 15.74, 94.84, 23.87, 82.97, 19.35, 0, 0),
(152, 5, '334', 2, '', 0, 83.23, 5.16, 94.97, 15.48, 83.23, 8.65, 0, 0),
(153, 5, '341', 2, '', 0, 70.32, 53.68, 78.97, 67.1, 78.97, 64.13, 0, 0),
(154, 5, '343', 2, '', 0, 70.58, 67.61, 79.23, 72.52, 78.97, 68.52, 0, 0),
(155, 6, '455', 5, '', 0, 29.4, 53.57, 45.85, 70.6, 33.19, 53.57, 0, 0),
(156, 6, '401', 5, '', 0, 68.12, 83.11, 98.84, 99.13, 75.11, 83.11, 0, 0),
(157, 6, '415', 7, '', 0, 4.37, 62.45, 16.89, 70.6, 16.45, 65.79, 0, 0),
(158, 6, '413', 7, '', 0, 4.51, 70.89, 17.03, 78.89, 16.45, 74.24, 0, 0),
(159, 6, '412', 7, '', 0, 4.51, 79.48, 16.89, 84.13, 16.59, 80.2, 0, 0),
(160, 6, '412', 7, '', 0, 4.51, 79.48, 16.89, 84.13, 16.59, 80.2, 0, 0),
(161, 6, '411', 7, '', 0, 4.22, 84.13, 16.59, 89.96, 16.74, 85.59, 0, 0),
(162, 6, '410', 7, '', 0, 3.64, 90.1, 17.03, 95.78, 16.59, 91.56, 0, 0),
(163, 6, '409', 7, '', 0, 20.82, 83.41, 29.55, 95.78, 24.6, 83.26, 0, 0),
(164, 6, '407', 7, '', 0, 29.26, 83.11, 37.7, 95.63, 33.19, 83.26, 0, 0),
(165, 6, '408', 7, '', 0, 29.55, 70.74, 45.71, 78.75, 32.75, 78.46, 0, 0),
(166, 6, '414', 1, '', 0, 0, 0, 0, 0, 0, 0, 0, 0),
(167, 6, '418', 1, '', 0, 4.51, 46, 16.74, 53.86, 16.74, 49.49, 0, 0),
(168, 6, '419', 1, '', 0, 4.51, 37.7, 16.45, 45.56, 16.3, 41.48, 0, 0),
(169, 6, '421', 1, '', 0, 4.08, 32.17, 16.59, 37.26, 16.59, 33.33, 0, 0),
(170, 6, '422', 1, '', 0, 4.22, 26.49, 16.45, 31.44, 16.89, 27.95, 0, 0),
(171, 6, '423', 1, '', 0, 4.37, 4.66, 9.46, 19.94, 6.26, 20.52, 0, 0),
(172, 6, '424', 1, '', 0, 9.61, 4.51, 17.47, 20.52, 13.39, 20.82, 0, 0),
(173, 6, '425', 1, '', 0, 17.9, 4.51, 23.58, 20.38, 19.21, 20.52, 0, 0),
(174, 6, '426', 1, '', 0, 24.16, 4.66, 28.82, 20.52, 27.37, 20.82, 0, 0),
(175, 6, '427', 1, '', 0, 29.26, 4.51, 36.97, 20.52, 33.77, 20.52, 0, 0),
(176, 6, '428', 1, '', 0, 37.85, 4.66, 45.71, 20.52, 42.21, 20.67, 0, 0),
(177, 6, '430', 1, '', 0, 45.71, 4.37, 53.86, 20.38, 49.05, 20.67, 0, 0),
(178, 6, '433', 1, '', 0, 54.15, 4.51, 59.39, 20.23, 57.5, 20.82, 0, 0),
(179, 6, '434', 1, '', 0, 59.53, 4.8, 73.94, 20.52, 63.9, 20.38, 0, 0),
(180, 6, '435', 1, '', 0, 74.24, 4.37, 79.18, 20.38, 76.56, 20.23, 0, 0),
(181, 6, '440', 1, '', 0, 70.74, 26.49, 78.89, 32.31, 79.04, 29.26, 0, 0),
(182, 6, '442', 1, '', 0, 71.03, 32.46, 78.75, 37.7, 79.04, 35.95, 0, 0),
(183, 6, '436', 1, '', 0, 83.55, 4.51, 95.49, 12.66, 83.41, 8.44, 0, 0),
(184, 6, '437', 1, '', 0, 83.26, 12.95, 95.49, 21.11, 83.11, 16.74, 0, 0),
(185, 6, '438', 1, '', 0, 83.26, 20.96, 95.2, 26.49, 83.26, 22.27, 0, 0),
(186, 6, '439', 1, '', 0, 82.97, 26.49, 95.2, 32.17, 83.26, 27.95, 0, 0),
(187, 6, '441', 1, '', 0, 82.97, 32.31, 95.2, 37.7, 82.97, 33.33, 0, 0),
(188, 6, '443', 1, '', 0, 83.26, 37.7, 95.2, 43.09, 82.97, 38.86, 0, 0),
(189, 6, '444', 1, '', 0, 83.11, 43.09, 95.49, 48.62, 83.11, 44.69, 0, 0),
(190, 6, '445', 1, '', 0, 83.26, 48.76, 95.49, 54, 83.41, 49.93, 0, 0),
(191, 6, '447', 1, '', 0, 83.26, 62.3, 95.49, 67.83, 83.26, 64.19, 0, 0),
(192, 6, '448', 1, '', 0, 83.11, 68.12, 95.2, 73.36, 83.11, 69.43, 0, 0),
(193, 6, '449', 1, '', 0, 82.97, 73.51, 95.2, 79.18, 83.26, 74.82, 0, 0),
(194, 6, '402', 1, '', 0, 62.15, 83.11, 68.12, 95.49, 66.08, 83.11, 0, 0),
(195, 6, '403', 1, '', 0, 57.06, 83.41, 62.3, 95.63, 60.55, 83.26, 0, 0),
(196, 6, '404', 1, '', 0, 51.53, 83.41, 56.48, 95.49, 54.88, 82.97, 0, 0),
(197, 6, '405', 1, '', 0, 46.14, 83.41, 51.24, 95.34, 49.49, 83.11, 0, 0),
(198, 6, '406', 1, '', 0, 37.41, 83.11, 45.85, 95.34, 39.59, 83.11, 0, 0),
(199, 7, '515', 1, '', 0, 4.51, 62.45, 16.59, 67.98, 16.45, 63.76, 0, 0),
(200, 7, '518', 1, '', 0, 4.08, 46, 16.74, 54.29, 16.59, 49.64, 0, 0),
(201, 7, '519', 1, '', 0, 4.22, 37.7, 16.45, 45.71, 16.45, 41.63, 0, 0),
(202, 7, '521', 1, '', 0, 4.22, 32.31, 16.3, 37.41, 16.59, 35.81, 0, 0),
(203, 7, '522', 1, '', 0, 4.37, 26.64, 17.03, 32.02, 16.45, 30.28, 0, 0),
(204, 7, '523', 1, '', 0, 3.78, 4.51, 9.75, 20.09, 5.97, 20.52, 0, 0),
(205, 7, '524', 1, '', 0, 10.19, 12.66, 15.43, 20.52, 13.54, 20.52, 0, 0),
(206, 7, '525', 1, '', 0, 15.28, 4.22, 23.58, 20.23, 18.93, 20.6, 0, 0),
(207, 7, '526', 1, '', 0, 23.73, 4.37, 31.73, 20.52, 27.22, 20.52, 0, 0),
(208, 7, '527', 1, '', 0, 32.61, 4.08, 37.55, 20.38, 33.62, 20.82, 0, 0),
(209, 7, '528', 1, '', 0, 37.7, 4.51, 50.95, 20.38, 41.92, 20.67, 0, 0),
(210, 7, '534', 1, '', 0, 74.82, 4.8, 79.18, 20.82, 76.56, 20.82, 0, 0),
(211, 7, '535', 1, '', 0, 83.26, 4.66, 95.63, 12.66, 83.11, 8.15, 0, 0),
(212, 7, '536', 1, '', 0, 83.41, 12.95, 95.63, 20.96, 83.11, 16.59, 0, 0),
(213, 7, '537', 1, '', 0, 83.11, 21.11, 95.78, 26.35, 83.41, 22.42, 0, 0),
(214, 7, '539', 1, '', 0, 83.41, 26.49, 95.34, 31.73, 83.41, 27.66, 0, 0),
(215, 7, '540', 1, '', 0, 82.97, 32.17, 95.34, 37.26, 83.11, 33.33, 0, 0),
(216, 7, '542', 1, '', 0, 83.26, 37.55, 95.2, 43.23, 83.26, 38.86, 0, 0),
(218, 7, '543', 1, '', 0, 83.11, 43.38, 95.78, 48.62, 83.11, 46.72, 0, 0),
(219, 7, '544', 1, '', 0, 82.97, 48.62, 95.34, 53.57, 83.26, 52.11, 0, 0),
(220, 7, '546', 1, '', 0, 83.26, 62.59, 95.05, 67.69, 83.11, 63.9, 0, 0),
(221, 7, '547', 1, '', 0, 83.11, 68.27, 95.34, 73.36, 83.55, 69.58, 0, 0),
(222, 7, '548', 1, '', 0, 83.26, 73.51, 94.91, 78.6, 83.41, 74.96, 0, 0),
(223, 7, '501', 1, '', 0, 87.19, 83.26, 95.49, 95.78, 91.12, 82.97, 0, 0),
(224, 7, '502', 1, '', 0, 78.75, 83.26, 86.75, 95.2, 82.68, 83.26, 0, 0),
(225, 7, '503', 1, '', 0, 73.07, 83.55, 79.04, 95.63, 75.11, 82.82, 0, 0),
(226, 7, '504', 1, '', 0, 67.98, 83.41, 73.22, 95.63, 69.14, 83.26, 0, 0),
(227, 7, '505', 1, '', 0, 62.01, 83.26, 67.54, 95.2, 63.32, 83.26, 0, 0),
(228, 7, '506', 1, '', 0, 56.48, 83.41, 62.01, 95.2, 58.22, 83.11, 0, 0),
(229, 7, '507', 1, '', 0, 51.24, 83.11, 57.06, 95.92, 52.4, 83.26, 0, 0),
(230, 7, '508', 1, '', 0, 45.71, 83.11, 51.24, 95.34, 48.03, 82.82, 0, 0),
(231, 7, '509', 1, '', 0, 37.41, 83.55, 45.27, 96.07, 39.45, 83.11, 0, 0),
(232, 7, '510', 1, '', 0, 28.97, 83.55, 37.26, 95.49, 33.92, 83.55, 0, 0),
(233, 7, '512', 1, '', 0, 20.96, 83.11, 29.4, 95.78, 24.6, 83.11, 0, 0),
(234, 7, '532', 3, '', 0, 51.09, 4.08, 59.39, 20.52, 57.35, 20.82, 0, 0),
(235, 7, '533', 3, '', 0, 59.53, 4.51, 74.67, 20.38, 70.89, 20.82, 0, 0),
(236, 7, '513', 5, '', 0, 0.73, 68.27, 16.74, 99.27, 16.45, 74.53, 0, 0),
(239, 7, '554', 5, '', 0, 28.97, 53.86, 45.71, 70.01, 33.19, 54, 0, 0),
(240, 7, '511', 5, '', 0, 29.11, 70.6, 45.85, 79.33, 33.48, 78.89, 0, 0),
(241, 2, '1', 5, '', 0, 21.51, 58.54, 61.67, 95.05, 62.58, 67.67, 0, 0),
(242, 2, '2', 8, '', 0, 4.56, 87.35, 16.82, 95.05, 16.69, 91.26, 0, 0),
(243, 0, '', 0, '', 2, 70.82, 42.68, 78.83, 48.78, 74.74, 47, 0, 0),
(244, 0, '', 0, '', 1, 84.82, 54.11, 95.54, 62.32, 83.04, 60.54, 0, 0),
(245, 0, '', 0, '', 1, 4.64, 54.29, 15.18, 61.79, 16.61, 60.54, 0, 0),
(246, 0, '', 0, '', 3, 46.07, 35.36, 62.5, 49.24, 53.93, 48.75, 0, 0),
(247, 0, '', 0, '', 1, 62.68, 28.21, 70, 46.61, 66.55, 37.72, 0, 0),
(248, 2, '100', 5, 'Exit', 0, 72.15, 88.89, 77.22, 99.72, 74.72, 88.96, 0, 0);

--
-- Indizes der exportierten Tabellen
--

--
-- Indizes für die Tabelle `categories`
--
ALTER TABLE `categories`
  ADD PRIMARY KEY (`id`);

--
-- Indizes für die Tabelle `institutes`
--
ALTER TABLE `institutes`
  ADD PRIMARY KEY (`id`);

--
-- Indizes für die Tabelle `levels`
--
ALTER TABLE `levels`
  ADD PRIMARY KEY (`id`);

--
-- Indizes für die Tabelle `paths`
--
ALTER TABLE `paths`
  ADD PRIMARY KEY (`id`);

--
-- Indizes für die Tabelle `people`
--
ALTER TABLE `people`
  ADD PRIMARY KEY (`id`);

--
-- Indizes für die Tabelle `rooms`
--
ALTER TABLE `rooms`
  ADD PRIMARY KEY (`id`);

--
-- AUTO_INCREMENT für exportierte Tabellen
--

--
-- AUTO_INCREMENT für Tabelle `categories`
--
ALTER TABLE `categories`
  MODIFY `id` int(11) NOT NULL AUTO_INCREMENT, AUTO_INCREMENT=4;

--
-- AUTO_INCREMENT für Tabelle `institutes`
--
ALTER TABLE `institutes`
  MODIFY `id` int(11) NOT NULL AUTO_INCREMENT, AUTO_INCREMENT=12;

--
-- AUTO_INCREMENT für Tabelle `levels`
--
ALTER TABLE `levels`
  MODIFY `id` int(11) NOT NULL AUTO_INCREMENT, AUTO_INCREMENT=8;

--
-- AUTO_INCREMENT für Tabelle `paths`
--
ALTER TABLE `paths`
  MODIFY `id` int(11) NOT NULL AUTO_INCREMENT, AUTO_INCREMENT=59;

--
-- AUTO_INCREMENT für Tabelle `people`
--
ALTER TABLE `people`
  MODIFY `id` int(11) NOT NULL AUTO_INCREMENT, AUTO_INCREMENT=35;

--
-- AUTO_INCREMENT für Tabelle `rooms`
--
ALTER TABLE `rooms`
  MODIFY `id` int(11) NOT NULL AUTO_INCREMENT, AUTO_INCREMENT=249;
COMMIT;

/*!40101 SET CHARACTER_SET_CLIENT=@OLD_CHARACTER_SET_CLIENT */;
/*!40101 SET CHARACTER_SET_RESULTS=@OLD_CHARACTER_SET_RESULTS */;
/*!40101 SET COLLATION_CONNECTION=@OLD_COLLATION_CONNECTION */;
